Time,Force,H1,H2,emf
0,-0.105723739,0.057,0.575,0.027
0.033334,-25.72707087,0.057,0.575,0.356
0.066667,-14.24448937,0.057,0.575,-0.009
0.1,0.008407747,0.057,0.575,0.037
0.133334,-25.16354993,0.057,0.575,0.356
0.166667,-14.28057253,0.057,0.575,-0.019
0.2,0.125615625,0.057,0.575,0.022
0.233333,-26.82091109,0.057,0.575,0.341
0.266667,-14.70234152,0.057,0.575,-0.04
0.3,0.029508723,0.057,0.575,0.037
